Id,Class,Order,Brand,Model,Rarity,Stars,Max Rank,Epics,Obtainable via,Garage Lv,Top Speed,Acceleration,Handling,Nitro,Nitro TS,,Perfect nitro TS,Added,Added with,Added date,Total upgrade cost,Total GL points,Country,Tags,BPs 1*,BPs 2*,BPs 3*,BPs 4*,BPs 5*,BPs 6*,Total BPs,,Cost epic
1,D,1,Mitsubishi,Lancer Evolution,Uncommon,3,1381,0,GL01,1,"270,1","55,03","53,79","68,19","282,0","280,9",,Soft Launch,Starter car,26/02/2018,,,Japan,Asia,5,8,30,,,,43,11381,6000
2,D,2,BMW,Z4 LCI E89,Uncommon,3,1476,0,GL01,1,"266,8","68,86","47,43","57,49","278,0","277,5",,Soft Launch,,26/02/2018,,,Germany,Europe,5,8,45,,,,58,11476,6000
3,D,3,Chevrolet,Camaro LT,Uncommon,3,1546,0,GL01,1,"284,1","64,81","48,39","63,29","296,0","295,5",,Soft Launch,,26/02/2018,,,USA,Muscle,5,12,30,,,,47,11546,6000
76,D,4,Nissan,Leaf Nismo RC,Uncommon,3,1569,0,TC,,"244,5","78,87","59,91","65,03","255,0","254,3","277,0",Godly Beasts,,10/12/2019,,,Japan,Asia; Electric,15,25,55,,,,95,11569,6000
4,D,5,Nissan,370Z Nismo,Uncommon,3,1662,0,GL02,2,"268,5","66,61","81,83","67,07",,"279,2",,Soft Launch,,26/02/2018,,,Japan,Asia,10,12,30,,,,52,11662,6000
206,D,6,KTM,X-Bow GTX,Uncommon,3,1738,0,,,"247,5","83,84","64,99","66,99",,"257,4",,European Season (2023),,30/03/2023,,,Austria,,30,23,54,,,,107,11738,
5,D,7,Volkswagen,XL Sport Concept,Uncommon,3,1814,0,GL03,3,"291,2","60,31","62,02","61,94",,"302,8",,Soft Launch,,26/02/2018,,,Germany,Europe,20,12,30,,,,62,11814,6000
6,D,8,DS Automobiles,DS E-Tense,Uncommon,3,1976,0,GL02,2,"270,1","76,07","81,27","72,30",,"280,9",,Soft Launch,,26/02/2018,,,France,Electric; Europe,20,12,30,,,,62,11976,6000
7,D,9,Dodge,Challenger 392 Hemi Scat Pack,Uncommon,3,2144,0,GL03,3,"299,3","72,46","43,24","62,34",,"311,3",,Soft Launch,,26/02/2018,,,USA,Muscle,20,12,30,,,,62,12144,6000
175,D,10,Renault,DeZir,Rare,4,2213,4,Showroom,23,"293,2","65,56","69,43","68,44",,"304,9",,Bring the Heat,DS,25/07/2022,,,France,Europe,30,23,33,42,,,128,12213,0
124,D,11,Italdesign,DaVinci,Rare,4,2217,4,,41,"278,3","83,53","73,57","55,35",,"289,4",,Italian Season,MP 1v1,08/04/2021,,,Italy,Electric; Europe,30,23,33,42,,,128,12217,0
112,D,12,BMW,I8 Roadster,Rare,4,2247,4,Showroom,23,"278,3","79,72","78,61","66,88",,"289,4","299,0",Full Throttle,DS,10/12/2020,,,Germany,Europe; Hybrid,30,23,33,42,,,128,12247,0
184,D,13,Peugeot,SR1,Rare,4,2307,4,Car Hunt,,"310,5","71,51","52,39","31,19",,"322,9",,Around the World,Car Hunt,03/04/2022,,,France,,30,23,33,42,,,128,12307,6000
244,D,14,Porsche,911 Carrera RS 3.8,Rare,4,2339,4,,,"296,9","70,52","65,24","35,55",,"308,8",,West to East,LP car,17/04/2024,,,Germany,,30,23,33,42,,,128,12339,
8,D,15,Porsche,718 Cayman,Rare,4,2360,4,GL04,4,"295,7","70,52","61,91","60,26",,"307,5",,Soft Launch,,26/02/2018,,,Germany,Europe,25,8,14,28,,,75,12360,6000
119,D,16,Infiniti,Project Black S,Rare,4,2386,4,Showroom,21,"281,2","76,19","66,97","64,68",,"292,4",,Fire and Lightning,Car Hunt,03/02/2021,,,Japan,Asia; Hybrid,30,23,33,42,,,128,12386,6000
50,D,17,Lotus,Elise Sprint 220,Rare,4,2390,4,GL05,5,"270,0","82,25","83,47","72,71",,"280,8",,Community Update,,03/10/2018,,,UK,Europe,10,12,18,28,,,68,12390,6000
169,D,18,Lamborghini,Countach 25th Anniversary,Rare,4,2498,4,,21,"304,9","71,69","55,89","36,30",,"317,1",,Raging Bull Season,Free LP car,30/05/2022,,,Italy,Europe,30,23,33,42,,,128,12498,0
9,D,19,Ford,Shelby GT350R,Rare,4,2548,4,GL06,6,"299,9","75,06","58,97","52,93",,"311,9",,Soft Launch,,26/02/2018,,,USA,Muscle,20,8,14,28,,,70,12548,6000
62,D,20,Porsche,911 Targa 4S,Rare,4,2589,4,GL03,3,"315,1","75,37","41,57","38,35",,"327,7",,Summer,DS,18/06/2019,,,Germany,Europe,30,23,33,42,,,128,12589,6000
157,D,21,Lotus,Emira,Rare,4,2611,4,Showroom,22,"307,2","70,87","57,45","53,42",,"319,5",,British Tour,Car Hunt,07/02/2022,,,UK,Europe; Super Car,30,23,33,42,,,128,12611,0
191,D,22,Praga,R1,Rare,4,2625,4,Multiplayer,,"283,3","87,80","62,25","60,92",,"294,6",,Winterfest,DS,12/12/2022,,,Czech Republic,,30,23,33,42,,,128,12625,
63,D,23,Ginetta,G60,Rare,4,2646,4,GL04 / Multiplayer,4,"290,7","71,51","74,81","62,66",,"302,3",,Summer,DS,18/06/2019,,,UK,Europe,30,23,33,42,,,128,12646,6000
144,D,24,Renault,TreZor,Rare,4,2667,4,Showroom,41,"294,5","78,62","61,93","61,07",,"306,3",,Electric Season,LP car,23/09/2021,,,France,Electric; Europe,30,23,33,42,,,128,12667,0
219,D,25,Nissan,370Z Neon Edition,Rare,4,2675,4,,,"271,1","83,26","82,91","65,22",,"281,9",,Racing Through Fire,DS,24/07/2023,,,Japan,,30,23,33,42,,,128,12675,
82,D,26,Honda,Civic Type-R,Rare,4,2698,4,Showroom,,"285,3","82,09","68,41","62,55",,"296,7",,Grand Prix,Car Hunt,05/02/2020,,,Japan,Asia,30,23,33,42,,,128,12698,6000
85,D,27,Porsche,Taycan Turbo S,Rare,4,2724,4,Car Hunt,24,"279,2","83,74","75,77","57,18",,"290,4","304,0",Porsche Season,LP car,19/03/2020,,,Germany,Electric; Europe,30,23,33,42,,,128,12724,0
67,D,28,TVR,Griffith,Rare,4,2751,4,GL05,5,"338,7","69,28","47,31","37,49",,"352,2",,Tune It Up,,27/07/2019,,,UK,Europe,30,23,33,42,,,128,12751,6000
100,D,29,Bentley,Continental GT3,Rare,4,2783,4,Key Hunt,,"300,8","74,74","72,52","50,97",,"312,8",,British Season,GP,27/08/2020,,,UK,Europe,KEY,26,38,64,,,128,12783,6000
77,D,30,Mazda,Furai,Rare,4,2853,4,GL06,6,"305,5","80,95","57,23","49,67",,"317,7",,Godly Beasts,,10/12/2019,,,Japan,Asia,30,23,33,42,,,128,12853,6000
237,D,31,Alfa Romeo,Giulia GTAm,Epic,5,2895,8,,,"314,0","77,28","48,23","49,35",,"326,6",,Italian Revolution I,GP,19/2/2024,,,Italy,,KEY,22,30,35,38,,125,12895,
95,D,32,Chevrolet,Corvette C7.R,Epic,5,2948,8,Key Hunt,,"307,6","80,48","47,08","57,03",,"319,9",,American Season,GP,30/06/2020,,,USA,,KEY,22,30,35,38,,125,12948,6000
245,D,33,Aston Martin,Vantage V12 2022,Epic,5,2968,8,,,"331,1","75,84","39,15","42,50",,"344,3",,Eurobloom,GP,17/04/2024,,,UK,,KEY,22,30,35,38,,125,12968,
113,D,34,Lamborghini,Huracán Super Trofeo Evo,Epic,5,3000,8,,,"303,7","82,59","63,48","54,41",,"315,8",,Full Throttle,GP,10/12/2020,,,Italy,Europe,KEY,22,30,35,38,,125,13000,0
145,D,35,Volkswagen,Electric R,Epic,5,3054,8,Clash Store,,"290,5","88,50","57,91","67,93",,"302,1",,Electric Season,GP,23/09/2021,,,Germany,Electric; Europe,KEY,22,30,35,38,,125,13054,6000
185,D,36,Glickenhaus,004C,Epic,5,3075,8,Key Hunt,,"311,2","76,75","56,89","60,87",,"323,6",,Around the World,GP,03/04/2022,,,USA,,KEY,22,30,35,38,,125,13075,0
225,D,37,Ford,Mustang Mach-E1400,Epic,5,3097,8,Key Hunt,,"299,8","83,66","53,98","61,36",,"311,8",,New Tech Reloaded,Key Hunt,25/09/2023,,,USA,,KEY,22,30,35,38,,125,13097,
10,C,38,Dodge,Challenger SRT8,Uncommon,3,1687,4,GL01,1,"308,6","71,92","39,84","46,24",,"320,9",,Soft Launch,,26/02/2018,,,USA,Muscle,15,20,50,,,,85,21687,6000
11,C,39,BMW,3.0 CSL Hommage,Uncommon,3,1826,4,GL02,2,"297,4","73,39","50,08","51,20",,"309,3",,Soft Launch,,26/02/2018,,,Germany,Europe,20,20,50,,,,90,21826,6000
192,C,40,Porsche,Boxster 25th,Uncommon,3,1844,4,,,"298,4","71,92","45,93","53,86",,"310,3",,Winterfest,LP,12/12/2022,,,Germany,,55,38,90,,,,183,21844,
12,C,41,Chevrolet,Camaro ZL1 50th Edition,Uncommon,3,1971,4,GL02,2,"271,0","78,14","83,14","72,33",,"281,8",,Soft Launch,,26/02/2018,,,USA,Muscle,25,20,50,,,,95,21971,6000
13,C,42,Lotus,Evora Sport 410,Uncommon,3,2123,4,GL03,3,"317,7","71,70","50,93","47,05",,"330,4",,Soft Launch,,26/02/2018,,,UK,Europe,20,20,50,,,,90,22123,6000
14,C,43,Mercedes-Benz,AMG GT S,Uncommon,3,2281,4,GL04,4,"329,4","71,34","42,69","54,66",,"342,6",,Soft Launch,,26/02/2018,,,Germany,Europe,30,20,50,,,,100,22281,6000
15,C,44,BMW,M4 GTS,Uncommon,3,2447,4,GL06 / Multiplayer,6,"326,5","73,72","51,19","52,48",,"339,6",,Soft Launch,,26/02/2018,,,Germany,Europe,40,20,50,,,,110,22447,6000
16,C,45,Rezvani,Beast X,Rare,4,2635,4,Exclusive,,"299,5","84,62","69,20","63,68",,"311,5",,Soft Launch,,26/02/2018,,,USA,,35,10,21,32,,,98,22635,6000
136,C,46,Aston Martin,V12 Speedster,Rare,4,2735,4,Showroom,42,"300,3","84,42","85,09","62,77",,"312,3",,Heatwave Season,Car Hunt,01/08/2021,,,UK,Europe,50,29,38,48,,,165,22735,6000
200,C,47,Donkervoort,D8 GTO Individual Series,Rare,4,2774,4,,,"313,0","80,12","57,28","62,51",,"325,5",,City of Lights,LP,06/02/2023,,,The Netherlands,,35,10,21,32,,,98,22747,
17,C,48,Dodge,Viper ACR,Rare,4,2816,4,GL07,7,"303,9","77,32","86,20","68,94",,"316,1",,Soft Launch,,26/02/2018,,,USA,,35,10,20,32,,,97,22816,6000
163,C,49,Bolwell,MK X Nagari 500,Rare,4,2857,4,Showroom,43,"314,6","81,62","65,85","62,99",,"327,2",,New Breed Rivals,Car Hunt/MP2,04/04/2022,,,Australia,Super Car,50,29,38,48,,,165,22857,6000
78,C,50,Ford,Shelby GR-1,Rare,4,2909,4,TC,42,"321,7","75,32","69,60","66,63",,"334,6",,Godly Beasts,DS,10/12/2019,,,USA,,50,29,38,48,,,165,22909,6000
18,C,51,Pininfarina,H2 Speed,Rare,4,3003,4,GL08,8,"317,9","78,22","86,50","60,57",,"330,6",,Soft Launch,,26/02/2018,,,Italy,Electric; Europe,35,10,20,32,,,97,23003,6000
266,C,52,TVR,Sagaris,Rare,4,3046,4,,,"312,8","75,52","69,34","78,28",,,,Speed Parade/Haunted Wheels,LP car,23/9/2024,,,UK,,50,29,38,48,,,165,23046,
68,C,53,Artega,Scalo Superelletra,Rare,4,3088,4,GL07,7,"316,3","85,72","57,94","71,91",,"329,0",,Tune It Up,,27/07/2019,,,Germany,Electric; Europe,50,29,38,48,,,165,23088,6000
150,C,54,Saleen,S1,Rare,4,3144,4,Showroom,24,"305,3","76,74","82,80","74,07",,"317,5","326,0",Festive Season,DS,16/12/2021,,,USA,Super Car,50,29,38,48,,,165,23144,0
19,C,55,Acura,NSX (2017),Rare,4,3199,4,GL09,10,"323,5","84,32","63,02","54,67",,"336,4",,Soft Launch,,26/02/2018,,,Japan,Asia,35,10,20,32,,,97,23199,6000
53,C,56,Maserati,Alfieri,Rare,4,3206,4,GL10,11,"335,7","74,43","41,38","72,91",,"349,1",,Slipstream,,11/12/2018,,,Italy,Europe; Hybrid,35,10,20,32,,,97,23206,6000
220,C,57,Jaguar,XJR-15,Rare,4,3221,4,,,"320,4","80,82","70,91","61,06",,"333,2",,Racing Through Fire,LP car,24/07/2023,,,UK,,50,29,38,48,,,165,23221,
255,C,58,Porsche,Mission R,Rare,4,3229,4,,,"312,1","87,92","63,47","62,72",,"324,6",,Unite Update,DS,16/7/2024,,,Germany,,50,29,38,48,,,165,23229,
231,C,59,Mercedes-Benz,2022 Showcar Vision AMG,Rare,4,3294,4,,,"335,1","75,36","51,75","59,32",,"348,5",,Festive Sparks,DS,11/12/2023,,,Germany,,50,29,38,48,,,165,23294,
176,C,60,Ferrari,Monza SP1,Rare,4,3334,4,Showroom,45,"319,1","82,32","61,88","63,25",,"331,9",,Bring the Heat,LP car,25/07/2022,,,Italy,Europe,50,29,38,48,,,165,23334,0
125,C,61,ATS Automobili,Corsa RRTurbo,Rare,4,3392,4,Key Hunt,,"321,7","87,51","68,27","46,32",,"334,6",,Italian Season,Unleashed,08/04/2021,,,Italy,Europe,KEY,25,38,52,,,115,23392,6000
238,C,62,Formula E,Gen 2 Asphalt Edition,Epic,5,3412,8,,,"304,6","87,43","83,66","74,04",,"316,8",,Italian Revolution II,TLE,19/2/2024,,,France,,35,15,21,28,35,,134,23412,
186,C,63,Jaguar,SE XV Project 8,Epic,5,3483,8,,,"338,7","78,28","48,14","62,98",,"352,2",,Around the World,LP car,03/04/2022,,,UK,,35,15,21,28,35,,134,23483,0
106,C,64,Ferrari,F40,Epic,5,3541,8,Car Hunt,,"340,6","72,88","69,32","63,50",,"354,2",,Ferrari Season,Car Hunt,20/10/2020,,,Italy,Europe,35,15,21,28,35,,134,23541,6000
131,C,65,Renault,R.S. 01,Epic,5,3565,8,Showroom,,"320,7","83,68","61,38","72,01",,"333,5",,European Season,GP,01/06/2021,,,France,Europe,KEY,25,32,36,41,,134,23565,0
213,C,66,Mercedes-Benz,CLK-GTR,Epic,5,3575,8,,,"332,7","78,92","70,49","57,24",,"346,0",,Wanderlust and Fifth Anniversary Season,LP Car,29/05/2023,,,Germany,,35,15,21,28,35,,134,23575,
120,C,67,Acura,NSX GT3 Evo,Epic,5,3585,8,Key Hunt,,"314,4","74,29","86,13","73,76",,"327,0","345,0",Fire and Lightning,GP,03/02/2021,,,Japan,Asia,KEY,25,32,36,41,,134,23585,6000
56,C,68,Vencer,Sarthe,Epic,5,3638,8,GL11 / Multiplayer,11,"350,5","74,12","62,87","46,83",,"364,5",,Road Kings,,30/01/2019,,,The Netherlands,Europe,35,15,21,28,35,,134,23638,6000
207,C,69,Maserati,MC12,Epic,5,3660,8,,,"342,9","76,48","72,36","38,94",,"356,6",,European Season (2023),,30/03/2023,,,Italy,,KEY,25,32,36,41,,134,23660,
101,C,70,Bentley Mulliner,Bacalar,Epic,5,3665,8,,47,"340,4","77,38","67,26","55,85",,"354,0",,British Season,LP car,27/08/2020,,,UK,Europe,35,15,21,28,35,,134,23665,0
246,C,71,De Tomaso,P900,Epic,5,3678,8,Car Hunt,,"335,2","81,32","60,44","59,52",,"348,6",,Eurobloom,Car Hunt,17/04/2024,,,Italy,,35,15,21,28,35,,134,23678,
170,C,72,Lamborghini,Miura Concept,Epic,5,3690,8,Showroom,,"346,2","72,32","54,97","60,38",,"360,0",,Raging Bull Season,Looper Prix,30/05/2022,,,Italy,Europe,KEY,25,32,36,41,,134,23690,0
256,C,73,Dodge,Challenger SRT8 Security,Rare,4,3700,,N/A,,,,,,,,,Unite Update,n/a,16/7/2024,,,USA,,n/a,,,,,,,23700,
86,C,74,Porsche,718 Cayman GT4 Clubsport,Epic,5,3727,8,Key Hunt,,"323,6","73,44","87,24","70,55",,"336,5",,Porsche Season,GP,19/03/2020,,,Germany,Europe,KEY,25,32,36,40,,133,23727,6000
96,C,75,Chevrolet,Corvette Stingray,Epic,5,3787,8,,25,"327,7","81,56","60,15","64,44",,"340,8",,American Season,LP car,30/06/2020,,,USA,,35,15,21,28,35,,134,23787,0
164,C,76,Brabham,BT62,Epic,5,3817,8,,,"322,0","83,93","76,11","75,70",,"334,9",,New Breed Rivals,SE,04/04/2022,,,Australia,,KEY,25,32,36,41,,134,23817,0
250,C,77,Maserati,MC20 GT2,Epic,5,3832,8,,,"336,3","83,68","63,95","46,53",,"349,8",,Supercharged Summer,GP,27/5/2024,,,Italy,,KEY,25,32,36,41,,134,23832,
107,C,78,Ferrari,599XX Evo,Epic,5,3843,8,Key Hunt,,"322,0","80,98","83,65","70,81",,"334,9",,Ferrari Season,GP,20/10/2020,,,Italy,Europe,KEY,25,32,36,41,,134,23843,6000
193,C,79,Ares,S1,Epic,5,3859,8,,,"307,8","89,55","78,93","68,93",,"320,1",?,Winterfest,GP,12/12/2022,,,Italy,,KEY,25,32,36,41,,134,23859,
171,C,80,Lamborghini,Diablo GT,Epic,5,3871,8,,26,"348,6","74,03","62,50","58,63",,"362,5",,Raging Bull Season,Packs only,30/05/2022,,,Italy,Europe,35,15,21,28,35,,134,23871,0
69,C,81,Arrinera,Hussarya 33,Epic,5,3897,8,GL13,14,"352,1","78,53","59,47","47,71",,"366,2",,Tune It Up,,27/07/2019,,,Poland,Europe,35,15,21,28,35,,134,23897,6000
177,C,82,Bugatti,EB110,Epic,5,3946,8,,,"348,4","76,18","66,08","58,82",,"362,3",,Bring the Heat,GP,25/07/2022,,,France,Europe; Super Car,KEY,25,32,36,41,,134,23946,0
214,C,83,Porsche,Panamera Turbo S,Epic,5,3971,8,,,"325,3","88,03","72,48","58,56",,"338,3",,Wanderlust and Fifth Anniversary Season,Key Hunt,29/05/2023,,,Germany,,KEY,25,32,36,41,,134,23971,
90,C,84,Lamborghini,Gallardo LP 560-4,Epic,5,3997,8,,48,"340,7","76,56","75,81","59,69",,"354,3",,Lamborghini Season,LP car,05/05/2020,,,Italy,Europe,35,15,21,28,35,,134,23997,0
232,C,85,Ferrari,296 GTB,Epic,5,4009,8,,,"341,6","81,23","65,00","52,12",,"355,3",,Dragon Race,GP,11/12/2023,,,Italy,,KEY,25,32,36,41,,134,24009,
158,C,86,McLaren,GT,Epic,5,4022,8,,46,"339,1","80,98","69,09","57,31",,"352,7",,British Tour,Tour,07/02/2022,,,UK,Europe; Super Car,35,15,21,28,35,,134,24022,0
201,C,87,Mercedes-Benz,AMG GT Black Series,Epic,5,4048,8,,,"335,7","81,79","60,83","65,62",,"349,1",,City of Lights,GP,06/02/2023,,,Germany,,KEY,25,32,36,41,,134,24048,
239,C,88,Ferrari,Daytona SP3,Epic,5,4073,8,,,"348,8","80,46","54,89","60,30",,"362,8",,Italian Revolution II,GP,19/2/2024,,,Italy,,KEY,25,32,36,41,,134,24073,
20,B,89,Porsche,911 GTS Coupé,Uncommon,3,2186,4,GL04,4,"328,8","71,21","45,85","56,60",,"342,0",,Soft Launch,,26/02/2018,,,Germany,Europe; Super Car,30,30,70,,,,130,32186,8000
21,B,90,Aston Martin,DB11,Uncommon,3,2330,4,GL05,5,"340,6","74,20","43,21","55,40",,"354,2",,Soft Launch,,26/02/2018,,,UK,Europe,30,30,70,,,,130,32330,8000
22,B,91,Jaguar,F-Type SVR,Rare,4,2500,8,GL05,5,"341,0","75,55","49,28","50,12",,"354,6",,Soft Launch,,26/02/2018,,,UK,Europe,30,12,22,36,,,100,32500,8000
202,B,92,Ferrari,F50,Rare,4,2576,8,,,"338,9","73,85","43,52","61,42",,"352,5",,City of Lights,LP,06/02/2023,,,Italy,,55,35,44,54,,,188,32576,
23,B,93,Exotic Rides,W70,Uncommon,3,2633,4,GL06,6,"329,7","80,21","45,20","56,71",,"342,9",,Soft Launch,,26/02/2018,,,USA,,40,30,70,,,,140,32633,8000
87,B,94,Porsche,911 GT1 Evolution,Rare,4,2735,8,Car Hunt,44,"329,8","75,15","53,70","68,88",,"343,0",,Porsche Season,,19/03/2020,,,Germany,Europe,55,35,44,54,,,188,32735,8000
24,B,95,Ford,GT,Rare,4,2816,8,GL07,7,"362,8","79,15","34,36","54,49",,"377,3",,Soft Launch,,26/02/2018,,,USA,Super Car,35,12,24,36,,,107,32816,8000
25,B,96,Lamborghini,Asterion,Rare,4,2983,8,Daily Missions,,"336,8","81,05","45,56","68,21",,"350,3",,Soft Launch,,26/02/2018,,,Italy,Europe; Super Car; Hybrid,40,12,24,36,,,112,32983,8000
257,B,97,Ford,Mustang RTR Spec 5 10th Anniv.,Rare,4,3025,8,,,"335,2","75,65","46,89","73,82",,"348,6",,Unite Update,LP car,16/7/2024,,,USA,,55,35,44,54,,,188,33025,
126,B,98,Ferrari,Roma,Rare,4,3069,8,Car Hunt,22,"331,7","77,45","60,49","66,78",,"345,0",,Italian Season,Car Hunt,08/04/2021,,,USA,Super Car,55,35,44,54,,,188,33069,8000
151,B,99,Arash,AF10,Rare,4,3112,8,,45,"337,0","78,73","50,41","59,60",,"350,5",,Festive Season,LP car,16/12/2021,,,UK,Europe; Hybrid,55,35,44,54,,,188,33112,0
215,B,100,BMW,M4 GT3,Rare,4,3134,8,,,"333,3","76,46","53,36","63,69",,"346,6",,Wanderlust and Fifth Anniversary Season,LP Car,29/05/2023,,,Germany,,55,35,44,54,,,188,33134,
26,B,101,Cadillac,Cien Concept,Rare,4,3155,8,Exclusive,,"368,0","76,55","36,14","61,10",,"382,7",,Soft Launch,,26/02/2018,,,USA,Super Car,40,18,22,36,,,116,33155,8000
267,B,102,Aston Martin,Valour,Rare,4,3178,8,,,"331,0","78,23","56,43","60,73",,,,Speed Parade/Haunted Wheels,GP,23/9/2024,,,UK,,KEY,35,55,85,,,175,33178,
97,B,103,Ford,GT MK II,Rare,4,3200,8,Key Hunt,,"315,5","86,26","79,00","67,88",,"328,1",,American Season,GP,30/06/2020,,,USA,,KEY,35,55,85,,,175,33200,8000
240,B,104,Lamborghini,Huracán STO,Rare,4,3222,8,,,"320,3","85,88","73,05","57,09",,"333,1",,Italian Revolution I,LP car,19/2/2024,,,Italy,,55,35,44,54,,,188,33222,
79,B,105,Italdesign,Zerouno,Rare,4,3245,8,GL08,8,"341,0","79,25","58,34","54,10",,"354,6",,Godly Beasts,DS,10/12/2019,,,Italy,Europe,40,35,44,54,,,173,33245,8000
226,B,106,McLaren,Artura,Rare,4,3267,8,,,"337,7","81,05","68,33","47,34",,"351,2",,New Tech,LP,25/09/2023,,,UK,,55,35,44,54,,,188,33267,
165,B,107,Arash,AF8 Falcon Edition,Rare,4,3289,8,,,"332,6","76,74","66,01","76,94",,"345,9",,New Breed Rivals,Looper Prix,04/04/2022,,,UK,Europe,KEY,35,55,85,,,175,33289,0
27,B,108,Ferrari,488 GTB,Rare,4,3334,8,GL08,8,"347,6","80,24","48,38","65,84",,"361,5",,Soft Launch,,26/02/2018,,,Italy,Europe; Super Car,40,12,22,36,,,110,33334,8000
208,B,109,Kepler,Motion,Rare,4,3380,8,,,"338,5","85,45","48,72","61,18",,"352,0",,European Season (2023),,30/03/2023,,,USA,,55,35,44,54,,,188,33380,
146,B,110,Drako,GTE,Rare,4,3425,8,Car Hunt,25,"346,2","81,85","47,31","61,18",,"360,0",,Electric Season,Car Hunt,23/09/2021,,,USA,Electric; Super Car,40,12,22,36,,,110,33425,8000
28,B,111,Glickenhaus,003S,Rare,4,3519,8,GL10 / Multiplayer,10,"368,8","79,44","38,58","63,11",,"383,6",,Soft Launch,,26/02/2018,,,USA,,40,12,22,36,,,110,33519,8000
137,B,112,McLaren,Elva,Epic,5,3533,8,Car Hunt,26,"339,1","81,31","75,51","65,90",,"352,7",,Heatwave Season,LP car,01/08/2021,,,UK,Europe,45,17,23,32,45,,162,33533,8000
251,B,113,Aston Martin,DB12,Epic,5,3580,8,,,"343,2","74,11","69,68","77,89",,"356,9",,Supercharged Summer,LP car,27/5/2024,,,UK,,45,17,23,32,45,,162,33580,
187,B,114,Nissan,R390 GT1,Epic,5,3627,8,,,"373,5","76,72","52,63","55,45",,"388,4",,Around the World,GP,03/04/2022,,,Japan,,KEY,26,34,40,62,,162,33627,0
29,B,115,Ferrari,F12tdf,Epic,5,3724,8,GL12,13,"360,5","78,38","40,13","80,18",,"374,9",,Soft Launch,,26/02/2018,,,Italy,Europe; Super Car,30,9,13,21,32,,105,33724,8000
227,B,116,Maserati,MC20,Epic,5,3773,8,,,"335,7","81,63","90,79","75,84",,"349,1",,Black Friday (2023),LP,25/09/2023,,,Italy,,45,17,23,32,45,,162,33773,
127,B,117,Lamborghini,Murciélago LP 640 Roadster,Epic,5,3792,8,,27,"354,1","77,54","67,18","61,13",,"368,3",,Italian Season,LP car,08/04/2021,,,Italy,Europe; Super Car,45,17,23,32,45,,162,33792,0
178,B,118,McLaren,765LT,Epic,5,3821,8,,49,"349,5","80,50","70,61","62,26",,"363,5",,Bring the Heat,DS,25/07/2022,,,UK,Europe; Super Car,45,17,23,32,45,,162,33821,0
30,B,119,Chevrolet,Corvette Grand Sport,Epic,5,3921,8,GL13,13,"331,2","76,55","92,99","80,87",,"344,4",,Soft Launch,,26/02/2018,,,USA,,30,9,13,21,32,,105,33921,8000
70,B,120,Aston Martin,Vantage GT12,Epic,5,3946,8,GL14,15,"337,8","78,26","86,85","80,46",,"351,3",,Tune It Up,,27/07/2019,,,UK,Europe,45,17,23,32,45,,162,33946,8000
102,B,120,Apex,AP-0,Epic,5,3946,8,Car Hunt,28,"335,1","80,96","89,37","75,16",,"348,5","358,0",British Season,Car Hunt,27/08/2020,,,UK,Electric; Europe,45,17,23,32,45,,162,33946,8000
114,B,122,Apollo,IE,Epic,5,3953,8,Car Hunt,46,"348,3","84,65","73,17","69,12",,"362,2",,Full Throttle,LP car,10/12/2020,,,Germany,Europe; Super Car,45,17,23,32,45,,162,33953,8000
54,B,123,SIN,R1 550,Epic,5,3971,8,TC,27,"370,6","77,04","45,74","85,00",,"385,4",,Slipstream,,11/12/2018,,,Bulgary,Europe,30,9,13,21,32,,105,33971,8000
173,B,124,Lamborghini,Reventón Roadster,Epic,5,3984,8,,,"356,3","78,35","67,65","74,41",,"370,6",,Raging Bull Season,GP,30/05/2022,,,Italy,Europe,KEY,26,34,40,62,,162,33984,0
108,B,125,Ferrari,Enzo Ferrari,Epic,5,4009,8,,48,"364,8","75,29","64,95","72,26",,"379,4",,Ferrari Season,LP car,20/10/2020,,,Italy,Europe,45,17,23,32,45,,162,34009,0
159,B,126,Aston Martin,One77,Epic,5,4022,8,,29,"363,5","79,34","68,70","56,61",,"378,0",,British Tour,LP car,07/02/2022,,,UK,Europe; Super Car,45,17,23,32,45,,162,34022,0
258,B,127,Porsche,911 GTS Security,Epic,5,4030,,N/A,,,,,,,,,Unite Update,n/a,16/7/2024,,,Germany,,n/a,,,,,,,34030,
57,B,128,Apollo,N,Epic,5,4047,8,GL14,14,"374,1","80,32","58,13","60,57",,"389,1",,Road Kings,,30/01/2019,,,Germany,Europe,30,9,13,21,32,,105,34047,8000
60,B,129,Mercedes-Benz,SLR McLaren,Epic,5,4058,8,,,"353,3","78,18","66,60","79,54",,"367,4",,Carribean,SE,10/04/2019,,,Germany,Europe,45,17,23,32,45,,162,34058,8000
73,B,130,Aston Martin,DBS Superleggera,Epic,5,4059,8,GL15 / Multiplayer,16,"355,4","79,16","70,74","73,88",,"369,6",,King of the Fall,,15/10/2019,,,UK,Europe,45,17,23,32,45,,162,34059,8000
128,B,131,Lamborghini,Essenza SCV12,Epic,5,4061,8,,,"340,5","85,10","75,81","74,78",,"354,1",,Italian Season,GP,08/04/2021,,,Italy,Europe,KEY,26,34,40,62,,162,34061,0
247,B,132,Lamborghini,SC63,Epic,5,4062,8,,,"353,8","85,38","70,15","56,43",,"368,0",,West to East,GP,17/04/2024,,,Italy,,KEY,26,34,40,62,,162,34062,
203,B,133,McLaren,600LT Spyder,Epic,5,4075,8,,,"340,5","86,11","83,17","74,54",,"354,1",,Winterfest,DS,12/12/2022,,,UK,,45,17,23,32,45,,162,34075,
166,B,134,Puritalia,Berlinetta,Epic,5,4076,8,Car Hunt,47,"349,5","83,43","82,74","69,66",,"363,5",,New Breed Rivals,LP car,04/04/2022,,,Italy,Europe; Hybrid,45,17,23,32,45,,162,34076,0
221,B,134,McLaren,Solus GT,Epic,5,4076,8,,,"335,4","89,30","83,12","76,83",,"348,8",,Hall of Flames,GP,24/07/2023,,,UK,,KEY,26,34,40,62,,162,34076,
233,B,136,Lamborghini,Invencible,Epic,5,4091,8,,,"340,4","88,49","75,74","67,94",,"354,0",,Festive Sparks,LP car,11/12/2023,,,Italy,,45,17,23,32,45,,162,34091,
59,B,137,Lamborghini,Huracán EVO Spyder,Epic,5,4109,8,GL16,18,"344,0","84,31","75,97","82,43",,"357,8",,Motor Show,SE,04/03/2019,,,Italy,Europe; Super Car,45,17,23,32,45,,162,34109,8000
88,B,138,Porsche,Carrera GT,Epic,5,4126,8,,50,"347,8","78,67","84,88","82,91",,"361,7",,Porsche Season,SE,19/03/2020,,,Germany,Europe,45,17,23,32,45,,162,34126,0
152,B,139,Nissan,GT-R50 Italdesign,Epic,5,4153,8,,30,"349,5","86,36","73,86","64,59",,"363,5",,Festive Season,DS,16/12/2021,,,Japan,Asia,45,17,23,32,45,,162,34153,0
132,B,140,Zenvo,TSR-S,Epic,5,4171,8,,,"342,4","85,38","82,88","67,36",,"356,1",?,European Season,GP,01/06/2021,,,Denmark,Europe; Hybrid,KEY,26,34,40,62,,162,34171,0
174,B,141,Lamborghini,Sesto Elemento,Epic,6,4183,12,,52,"346,5","87,26","70,27","74,76",,"360,4",,Raging Bull Season,,30/05/2022,,,Italy,Europe,55,18,24,32,47,50,226,34183,0
71,B,142,Porsche,911 GT3 RS,Epic,6,4211,12,,30,"339,4","85,84","92,97","86,39",,"353,0",,Tune It Up,,27/07/2019,,,Germany,Europe,55,18,24,32,47,50,226,34211,0
179,B,143,Security,Interceptor,Epic,6,4265,,N/A,,"361,5","83,36","79,15","45,82",,"376,0",,Bring the Heat,,25/07/2022,,,USA,,55,18,24,32,50,61,240,34250,0
109,B,144,Ferrari,488 GTB Challenge Evo,Epic,6,4255,12,,,"351,2","82,76","77,11","76,98",,"365,2",,Ferrari Season,GP,20/10/2020,,,Italy,Europe,KEY,26,34,46,61,73,240,34255,0
216,B,145,Apollo,Evo,Epic,6,4265,12,,,"355,0","85,46","70,34","65,79",,"369,2",,Wanderlust and Fifth Anniversary Season,SE,29/05/2023,,,Germany,,55,18,24,32,50,61,240,34265,
83,B,146,Lotus,Evija,Epic,6,4276,12,,49,"368,1","81,14","65,02","63,31",,"382,8",,Grand Prix,SE,05/02/2020,,,UK,Electric; Europe,55,18,24,32,50,61,240,34276,0
259,B,147,Lamborghini,Gallardo Security,Epic,5,4300,,N/A,,,,,,,,,Unite Update,n/a,16/7/2024,,,Italy,,n/a,,,,,,,34300,
91,B,148,McLaren,F1 LM,Epic,6,4309,12,,,"377,6","74,66","66,10","73,12",,"392,7",,Lamborghini Season,GP,05/05/2020,,,UK,Europe,KEY,26,34,46,61,73,240,34309,0
133,B,149,Volkswagen,W12 Coupé,Epic,6,4348,12,Showroom,,"370,5","79,08","84,44","54,64",,"385,3",,European Season,SE,01/06/2021,,,Germany,Europe,KEY,26,34,46,61,73,240,34348,0
180,B,150,Pagani,Huayra R,Epic,6,4363,12,,,"376,6","83,17","58,41","64,38",,"391,7",,Bring the Heat,SE,25/07/2022,,,Italy,Europe,55,18,24,32,50,61,240,34363,0
209,B,151,Lamborghini,Revuelto,Epic,6,4375,12,,,"361,5","86,36","76,33","54,22",,"376,0",,European Season (2023),,30/03/2023,,,Italy,,KEY,26,34,46,61,73,240,34375,
268,B,152,Lamborghini,Temerario,Epic,6,4398,12,,,"359,1","87,26","71,33","62,70",,,,Speed Parade/Haunted Wheels,SE,23/9/2024,,,Italy,,KEY,26,34,46,61,73,240,34398,
252,B,153,Lotus,E-R9,Epic,6,4403,12,,,"365,2","87,44","68,40","51,80",,"379,8",,Supercharged Summer,SE,27/5/2024,,,UK,,KEY,26,34,46,61,73,240,34403,
31,A,154,Aston Martin,Vulcan,Rare,4,3012,8,GL07,7,"343,5","78,70","47,80","64,79",,"357,2",,Soft Launch,,26/02/2018,,,UK,Europe; Super Car,45,21,28,42,,,136,43012,10000
32,A,155,Nissan,GT-R Nismo,Rare,4,3157,8,GL08,8,"329,7","84,83","60,69","60,60",,"342,9",,Soft Launch,,26/02/2018,,,Japan,Asia; Super Car,45,21,28,42,,,136,43157,10000
121,A,156,Nio,EP9,Rare,4,3194,8,Car Hunt,43,"326,1","83,03","70,49","68,68",,"339,1",,Fire and Lightning,LP car,03/02/2021,,,China,Asia; Electric,60,40,51,63,,,214,43194,10000
51,A,157,Ferrari,J50,Rare,4,3230,8,GL09,9,"350,6","80,41","48,37","64,65",,"364,6",,Community Update,,03/10/2018,,,Italy,Europe; Super Car,45,21,28,42,,,136,43230,10000
33,A,158,Dodge,Viper GTS,Rare,4,3306,8,GL09,9,"353,5","80,33","45,29","67,55",,"367,6",,Soft Launch,,26/02/2018,,,USA,Super Car,45,21,28,42,,,136,43306,10000
181,A,159,Bentley,Continental GT Speed,Rare,4,3342,8,,44,"348,3","76,55","74,23","59,35",,"362,2",,Bring the Heat,LP car,25/07/2022,,,UK,Europe,60,40,51,63,,,214,43342,0
34,A,160,Ferrari,LaFerrari,Epic,5,3445,12,GL10,10,"364,6","80,23","43,06","71,40",,"379,2",,Soft Launch,,26/02/2018,,,Italy,Europe; Hyper; Hybrid,35,12,15,24,36,,122,43445,10000
35,A,161,McLaren,P1,Epic,5,3602,12,GL11,12,"364,6","83,64","47,54","62,89",,"379,2",,Soft Launch,,26/02/2018,,,UK,Europe; Hyper; Hybrid,35,12,15,24,36,,122,43602,10000
139,A,162,Pagani,Zonda HP Barchetta,Epic,5,3678,12,Key Hunt,,"350,1","79,43","73,54","73,67",,"364,1",,Heatwave Season,GP,01/08/2021,,,Italy,Europe,KEY,28,32,44,83,,187,43678,10000
36,A,163,Lamborghini,Aventador SV Coupé,Epic,5,3763,12,GL12,12,"367,9","80,83","50,15","70,60",,"382,6",,Soft Launch,,26/02/2018,,,Italy,Europe; Hyper,35,12,15,24,36,,122,43763,10000
253,A,164,McMurtry,Spéirling,Epic,5,3789,12,,,"331,7","90,52","80,62","61,70",,"345,0",,Supercharged Summer,Unleashed,27/5/2024,,,Ireland,,50,23,27,36,51,,187,43789,
64,A,165,Ferrari,812 Superfast,Epic,5,3827,12,TC,28,"353,6","81,13","63,17","74,33",,"367,7",,Summer,DS,18/06/2019,,,Italy,Europe,50,23,27,36,51,,187,43827,10000
138,A,166,LEGO Technic McLaren,Senna GTR,Epic,5,3846,,N/A,,"349,8","82,43","79,32","65,28",,"363,8",,Heatwave Season,GP (no key),01/08/2021,,,UK,Europe,n/a,,,,,,0,43846,0
80,A,167,Chevrolet,Corvette ZR1,Epic,5,3876,12,,,"355,4","82,03","60,09","76,33",,"369,6",,Godly Beasts,DS,10/12/2019,,,USA,,50,23,27,36,51,,187,43876,10000
103,A,168,Jaguar,C-X 75,Epic,5,3898,12,,50,"369,2","75,54","73,17","74,12",,"384,0",,British Season,Unleashed,27/08/2020,,,UK,Europe,50,23,27,36,51,,187,43898,0
37,A,169,VLF,Force 1 V10,Epic,5,3929,12,Exclusive,,"368,8","80,33","54,68","74,63",,"383,6",,Soft Launch,,26/02/2018,,,USA,Hyper,45,12,15,24,36,,132,43929,10000
260,A,170,Ford,GT Frankie Edition,Epic,5,3974,16,,,"371,8","79,14","58,82","74,63","386,0","386,7",,Unite Update,TLE,16/7/2024,,,USA,,50,23,27,36,51,,187,43974,
160,A,171,McLaren,Senna GTR,Epic,5,4025,12,,29,"358,0","82,03","60,84","77,62",,"372,3",,British Tour,Tour,07/02/2022,,,UK,Europe,50,23,27,36,51,,187,44025,0
140,A,172,Lamborghini,Aventador SVJ Roadster,Epic,6,4081,16,,31,"364,7","81,13","73,73","73,93",,"379,3",,Heatwave Season,Unleashed,01/08/2021,,,Italy,Europe,70,23,27,36,52,59,267,44081,0
38,A,173,Porsche,918 Spyder,Epic,5,4099,12,GL14,14,"362,4","83,02","51,79","79,96",,"376,9",,Soft Launch,,26/02/2018,,,Germany,Europe; Hyper; Hybrid,35,12,15,24,36,,122,44099,10000
74,A,173,Vanda Electrics,Dendrobium,Epic,6,4099,16,GL16,17,"339,9","86,24","95,92","84,90",,"353,5","363,0",King of the Fall,,15/10/2019,,,Singapore,Electric; Europe,50,23,27,36,52,62,250,44099,10000
194,A,175,Peugeot,9X8,Epic,6,4108,16,,,"344,3","90,03","94,15","69,94",,"358,1",,Winterfest,DS,12/12/2022,,,France,,70,23,27,36,52,59,267,44108,
234,A,176,Aston Martin,DBS GT Zagato,Epic,6,4109,16,,,"361,9","80,65","75,77","78,17",,"376,4",,Festive Sparks,DS,11/12/2023,,,UK,,70,23,27,36,52,59,267,44109,
55,A,177,McLaren,570S Spider,Epic,6,4116,16,GL16,17,"377,2","79,23","66,06","64,75",,"392,3",,Slipstream,,11/12/2018,,,UK,Europe; Super Car,50,12,15,24,37,45,183,44116,10000
61,A,178,Lamborghini,Aventador J,Epic,5,4133,12,GL15,15,"363,8","79,83","73,10","77,86",,"378,4",,Carribean,SE,10/04/2019,,,Italy,Europe; Super Car,50,23,27,36,51,,187,44133,10000
115,A,179,Peugeot,Onyx,Epic,6,4145,16,Starway,53,"370,6","81,93","84,82","59,61",,"385,4",,Full Throttle,Unleashed,10/12/2020,,,France,Europe; Hybrid,50,23,27,36,52,62,250,44145,10000
153,A,180,Pagani,Zonda R,Epic,6,4158,16,,,"368,3","84,54","57,29","67,54",,"383,0",,Festive Season,GP,16/12/2021,,,Italy,Europe,KEY,28,32,44,59,86,249,44158,0
154,A,181,Glickenhaus,007S,Epic,6,4187,16,,,"358,6","89,33","82,63","55,24",,"372,9",,Festive Season,GP,16/12/2021,,,USA,,KEY,28,32,44,59,86,249,44187,0
116,A,182,Citroën,GT by Citroën,Epic,6,4222,16,,33,"388,7","76,53","64,61","67,20",,"404,2",,Full Throttle,DS,10/12/2020,,,France,Electric; Europe; Super Car,50,23,27,36,52,62,250,44222,0
217,A,183,Porsche,935 (2019),Epic,6,4229,16,,,"352,0","84,94","87,96","72,61",,"366,1",,Wanderlust and Fifth Anniversary Season,GP,29/05/2023,,,Germany,,KEY,28,32,44,59,86,249,44229,
134,A,184,Aston Martin,Victor,Epic,6,4255,16,,34,"371,4","78,33","76,84","69,63",,"386,3",,European Season,LP car,01/06/2021,,,UK,Europe,70,23,27,36,52,59,267,44255,0
89,A,185,Porsche,911 GT2 RS Clubsport,Epic,6,4270,16,,,"356,9","83,64","85,42","73,65",,"371,2",,Porsche Season,GP,19/03/2020,,,Germany,Europe,KEY,28,32,44,59,86,249,44270,0
39,A,186,Pagani,Huayra BC,Epic,6,4274,16,GL17,19,"365,4","80,04","63,11","86,75",,"380,0",,Soft Launch,,26/02/2018,,,Italy,Europe; Hybrid,50,12,15,24,37,45,183,44274,10000
195,A,187,McLaren,650S GT3,Epic,6,4279,16,Clash Store,,"357,0","84,34","85,82","78,22",,"371,3",,Winterfest,Clash Store,12/12/2022,,,UK,,70,23,27,36,52,59,267,44279,
92,A,188,Lamborghini,SC18,Epic,6,4284,16,,,"362,1","82,03","64,00","82,48",,"376,6",,Lamborghini Season,GP,05/05/2020,,,Italy,Europe,KEY,28,32,44,59,86,249,44284,0
261,A,189,Ferrari,SF90 XX Stradale,Epic,6,4286,16,,,"361,2","85,73","79,19","62,58",,"375,6",,Unite Update,DS,16/7/2024,,,Italy,,70,23,27,36,52,59,267,44286,
65,A,190,Ferrari,LaFerrari Aperta,Epic,6,4291,16,GL17 / Multiplayer,19,"366,2","81,03","82,48","70,10",,"380,8",,Summer,SE,18/06/2019,,,Italy,Europe,50,23,27,36,52,62,250,44291,10000
110,A,191,Ferrari,F8 Tributo,Epic,6,4305,16,,35,"360,2","83,14","94,22","69,79",,"374,6",,Ferrari Season,SE,20/10/2020,,,Italy,Europe,50,23,27,36,52,62,250,44305,0
141,A,192,Lamborghini,SC20,Epic,6,4307,16,,,"370,7","81,90","72,51","68,90",,"385,5",,Heatwave Season,GP,01/08/2021,,,Italy,Europe,KEY,28,32,44,59,86,249,44307,0
241,A,193,Pagani,Utopia Coupe,Epic,6,4308,16,,,"367,9","81,03","80,63","77,19",,"382,6",,Italian Revolution II,SE,19/2/2024,,,Italy,,KEY,28,32,44,59,86,249,44308,
52,A,194,Genty,Akylone,Epic,6,4310,16,GL18,20,"371,7","82,93","67,81","70,35",,"386,6",,Community Update,,03/10/2018,,,France,Europe; Super Car,50,23,27,36,52,62,250,44310,10000
248,A,195,FV Frangivento,Asfanè,Epic,6,4377,16,,,"373,9","82,03","69,13","67,63",,"388,9",,West to East,SE,17/04/2024,,,Italy,,KEY,30,40,50,65,80,265,44377,
84,A,196,Techrules,AT96 Track Version,Epic,6,4444,16,,,"364,6","85,53","75,74","69,65",,"379,2",,Grand Prix,GP,05/02/2020,,,China,Asia; Electric,KEY,30,40,50,65,80,265,44444,0
222,A,197,Noble,M600 Speedster,Epic,6,4464,16,,,"375,7","81,30","85,47","61,71",,"390,7",,Racing Through Fire,DS,24/07/2023,,,UK,,70,23,27,36,52,59,267,44464,
147,A,198,Rimac,Concept_One,Epic,6,4480,16,,56,"368,5","86,34","84,08","54,53",,"383,2",,Electric Season,SE,23/09/2021,,,Croatia,Electric; Europe; Super Car,70,23,27,36,52,59,267,44480,0
104,A,199,Aston Martin,Valhalla Concept Car,Epic,6,4517,16,,38,"377,4","82,23","81,76","59,55",,"392,5",,British Season,SE,27/08/2020,,,UK,Europe,50,23,27,36,52,77,265,44517,0
129,A,200,Pagani,Imola,Epic,6,4545,16,,54,"378,9","80,23","72,17","71,14",,"394,1",,Italian Season,SE,08/04/2021,,,Italy,Europe,70,23,27,36,52,59,267,44545,0
235,A,201,Ford,Team Fordzilla P1,Epic,6,4548,16,,,"382,0","87,72","53,75","60,72",,"397,3",,Dragon Race,SE,11/12/2023,,,USA,,70,23,27,36,52,59,267,44548,
210,A,202,Jaguar,XJR-9,Epic,6,4551,16,,,"412,3","69,24","59,33","84,95",,"428,8",,European Season (2023),,30/03/2023,,,UK,,KEY,30,40,50,65,80,265,44551,
172,A,203,Lamborghini,Countach LPI 800-4,Epic,6,4559,16,,,"373,4","81,23","85,96","72,40",,"388,3",,Raging Bull Season,SE/LP,30/05/2022,,,Italy,Europe,KEY,30,40,50,65,80,265,44559,0
218,A,204,De Tomaso,P72,Epic,6,4586,16,,,"375,6","82,74","75,24","71,18",,"390,6",,Wanderlust and Fifth Anniversary Season,SE,29/05/2023,,,Germany,,KEY,30,40,50,65,80,265,44586,
269,A,205,Mercedes-Benz,Vision One-Eleven,Epic,6,4600,16,,,"384,3","83,93","81,26","81,68",,,,Speed Parade/Haunted Wheels,SE,23/9/2024,,,Germany,,KEY,30,40,50,65,80,265,44600,
40,S,206,Lamborghini,Centenario,Epic,5,3709,12,GL11,11,"363,9","80,48","47,46","70,31",,"378,5",,Soft Launch,,26/02/2018,,,Italy,Europe; Hyper,40,13,16,25,39,,133,53709,15000
41,S,207,Ferrari,FXX K,Epic,5,3832,12,GL12,12,"363,1","83,90","43,75","72,39",,"377,6",,Soft Launch,,26/02/2018,,,Italy,Europe; Hyper; Hybrid,40,13,16,25,39,,133,53832,15000
262,S,208,Lamborghini,Autentica,Epic,5,3894,8,,,"366,9","78,86","47,25","68,87",,"381,6",,Unite Update,GP,16/7/2024,,,Italy,,KEY,26,34,40,62,,162,53894,
42,S,209,Icona,Vulcano Titanium,Epic,5,3957,12,GL13,13,"381,7","81,38","43,38","65,89",,"397,0",,Soft Launch,,26/02/2018,,,Italy,Europe; Hyper,40,13,16,25,39,,133,53957,15000
43,S,210,W Motors,Lykan HyperSport,Epic,5,4083,12,GL15,16,"407,5","80,48","40,97","58,26",,"423,8",,Soft Launch,,26/02/2018,,,UAE,Asia; Hyper,40,13,16,25,39,,133,54083,15000
148,S,211,Raesr,Tachyon Speed,Epic,6,4109,16,,,"400,3","77,91","53,44","59,94",,"416,3",,Electric Season,GP,23/09/2021,,,USA,,KEY,40,45,60,70,85,300,54109,0
93,S,212,Lamborghini,Veneno,Epic,6,4148,16,Career,51,"370,2","81,20","62,39","78,79",,"385,0",,Lamborghini Season,SE,05/05/2020,,,Italy,Europe,60,13,16,25,38,48,200,54148,15000
242,S,213,ATS Automobili,GT,Epic,6,4161,16,,,"391,1","81,47","52,12","46,85",,"406,7",,Italian Revolution I,Special Hunt,19/2/2024,,,Italy,,85,25,29,38,54,69,300,54161,
161,S,214,Jaguar,XJ220S TWR,Epic,6,4173,16,,,"383,2","75,17","60,57","82,21",,"398,5",,British Tour,Tour,07/02/2022,,,UK,Europe,KEY,40,45,60,70,85,300,54173,0
44,S,215,Lamborghini,Egoista,Epic,6,4213,16,Exclusive,,"366,4","84,48","61,54","72,02",,"381,1",,Soft Launch,,26/02/2018,,,Italy,Electric; Europe; Hyper,60,13,16,25,38,48,200,54213,15000
196,S,216,Chrysler,ME 412,Epic,6,4142,16,,,"399,1","74,90","66,52","63,39",,"415,1",,Winterfest,SE,12/12/2022,,,USA,,85,25,29,38,54,69,300,54241,
45,S,217,Trion,Nemesis,Epic,6,4344,16,Exclusive,,"450,7","79,98","48,49","44,79",,"468,7",,Soft Launch,,26/02/2018,,,USA,Hyper,60,13,16,25,38,48,200,54344,15000
204,S,218,Spania GTA,GTA Spano (2015),Epic,6,4373,16,,,"383,7","81,20","59,72","69,97",,"399,0",,City of Lights,SE,06/02/2023,,,Spain,,85,25,29,38,54,69,300,54373,
254,S,219,Nissan,GT-R Neon Edition,Epic,6,4382,16,,,"361,4","87,55","89,35","67,55",,"375,9",,Supercharged Summer,SE,27/5/2024,,,Japan,,85,25,29,38,54,69,300,54382,
111,S,220,Ferrari,SF90 Stradale,Epic,6,4395,16,,55,"355,4","86,83","93,51","71,96",,"369,6","379,0",Ferrari Season,SE,20/10/2020,,,Italy,Europe,60,25,30,35,45,55,250,54395,0
211,S,221,FV Frangivento,Sorpasso GT3,Epic,6,4398,16,,,"391,3","85,70","56,68","47,35",,"407,0",,European Season (2023),,30/03/2023,,,Italy,,KEY,40,45,60,70,85,300,54398,
72,S,222,McLaren,Senna,Epic,6,4406,16,,57,"358,7","82,91","101,81","78,25",,"373,0",,Tune It Up,SE,27/07/2019,,,UK,Europe,60,13,16,25,38,48,200,54406,0
142,S,222,Bugatti,Veyron 16.4 Grand Sport Vitesse,Epic,6,4406,16,,59,"419,0","81,06","49,15","50,72",,"435,8",,Heatwave Season,SE,01/08/2021,,,Italy,Europe,85,25,29,38,54,69,300,54406,0
49,S,224,Lamborghini,Terzo Millennio,Epic,6,4411,16,TC,36,"394,3","82,77","52,84","69,29",,"410,1",,Worldwide Launch,,25/07/2018,,,Italy,Europe; Hyper,60,13,16,25,38,48,200,54411,15000
167,S,225,Vision,1789,Epic,6,4435,16,,37,"390,2","81,29","59,91","72,19",,"405,8",,New Breed Rivals,MP2,04/04/2022,,,France,Electric; Europe,85,25,29,38,54,69,300,54435,15000
46,S,226,W Motors,Fenyr Supersport,Epic,6,4479,16,,,"416,9","82,19","43,24","68,60",,"433,6",,Soft Launch,,26/02/2018,,,UAE,Asia; Hyper,60,13,16,25,38,48,200,54479,15000
135,S,227,Aston Martin,Valkyrie,Epic,6,4488,16,,40,"378,2","80,30","77,91","76,70",,"393,3",,European Season,SE,01/06/2021,,,UK,Europe; Hybrid,85,25,29,38,54,69,300,54488,0
58,S,228,Zenvo,TS1 GT Anniversary Edition,Epic,6,4514,16,,,"418,2","81,29","46,66","63,43",,"434,9",,Road Kings,SE,30/01/2019,,,Denmark,Europe,60,13,16,25,38,48,200,54514,15000
228,S,229,Rimac,Concept S,Epic,6,4528,16,Multiplayer,,"376,3","84,53","79,90","69,86",,"391,4",,New Tech Reloaded,SE,25/09/2023,,,Croatia,,85,25,29,38,54,69,300,54528,
75,S,230,Automobili Pininfarina,Battista,Epic,6,4550,16,,39,"368,5","88,49","80,45","78,26",,"383,2",,King of the Fall,SE,15/10/2019,,,Italy,Electric; Europe,60,25,35,46,58,76,300,54550,0
155,S,231,Naran,Hyper Coupe,Epic,6,4566,16,,58,"383,4","85,79","67,31","65,58",,"398,7",,Festive Season,SE,16/12/2021,,,UK,Europe; Super Car,85,25,29,38,54,69,300,54566,0
105,S,232,McLaren,Speedtail,Epic,6,4593,16,Starway,32,"416,7","81,11","56,65","74,20",,"433,4",,British Season,GP,27/08/2020,,,UK,Europe,85,25,29,38,54,69,300,54593,15000
197,S,233,Faraday,FFZERO1 (Road Test Version),Epic,6,4602,,N/A,,"423,0","86,06","42,83","51,70",,"439,9",,WInterfest,,12/12/2022,,,USA,,n/a,,,,,,0,54602,
198,S,233,Faraday,FFZERO1,Epic,6,4602,16,Road Test,,"423,0","86,06","42,83","51,70",,"439,9",,WInterfest,Road Test,12/12/2022,,,USA,,85,25,29,38,54,69,300,54602,
243,S,234,W Motors,Lykan Neon,Epic,6,4845,16,,,"429,3","82,91","52,87","65,41",,"446,5",,Italian Revolution I,SE,19/2/2024,,,UAE,,KEY,40,45,60,70,85,300,54845,
47,S,235,Koenigsegg,Regera,Epic,6,4616,16,GL17,18,"457,1","80,88","48,75","52,48",,"475,4",,Soft Launch,,26/02/2018,,,Sweden,Europe; Hyper; Hybrid,60,13,16,25,38,48,200,54616,15000
223,S,236,Saleen,S7 Twin Turbo,Epic,6,4629,16,,,"429,9","69,50","68,97","77,31",,"447,1",,Hall of Flames,SE,24/07/2023,,,USA,,KEY,40,45,60,70,85,300,54629,
162,S,237,Ultima,RS,Epic,6,4644,16,,,"418,2","81,38","63,54","63,24",,"434,9",,British Tour,Tour,07/02/2022,,,UK,Europe,KEY,40,45,60,70,85,300,54644,0
94,S,238,Lamborghini,Sián FKP 37,Epic,6,4685,16,Showroom,60,"368,1","82,10","92,35","81,18",,"382,8","393,0",Lamborghini Season,SE,05/05/2020,,,Italy,Europe,85,25,29,38,54,69,300,54685,0
188,S,239,Ajlani,Drakuma,Epic,6,4702,16,,,"441,0","81,56","47,91","60,58",,"458,6",,Around the World,SE,03/04/2022,,,UAE,,85,25,29,38,54,69,300,54702,0
123,S,240,Inferno Automobili,Inferno,Epic,6,4722,16,N/A,,"412,6","83,05","54,88","76,62",,"429,1",,Fire and Lightning,SE,11/02/2021,,,Mexico,,85,25,29,38,54,69,300,54722,0
205,S,241,Torino Design,Super Sport,Epic,6,4741,16,,,"405,3","82,28","62,30","75,81",,"421,5",,City of Lights,SE,06/02/2023,,,Italy,,KEY,40,45,60,70,85,300,54741,
48,S,242,Bugatti,Chiron,Epic,6,4755,16,GL18,20,"443,4","84,40","45,62","63,63",,"461,1",,Soft Launch,,26/02/2018,,,France,Europe; Hyper,60,13,16,25,38,48,200,54755,15000
98,S,243,BXR,Bailey Blade GT1,Epic,6,4764,16,,,"449,5","80,48","46,87","70,66",,"467,5",,American Season,SE,30/06/2020,,,USA,,85,25,29,38,54,69,300,54764,0
117,S,244,Bugatti,Divo,Epic,6,4773,16,,,"396,0","85,70","61,48","73,99",,"411,8",,Full Throttle,SE,10/12/2020,,,France,Europe,85,25,29,38,54,69,300,54773,0
168,S,245,Tushek,TS 900 Racer Pro,Epic,6,4779,16,,,"395,2","86,00","73,31","61,51",,"411,0",,New Breed Rivals,Store,04/04/2022,,,Austria,Europe,85,25,29,38,54,69,300,54779,0
130,S,246,Mazzanti,Evantra Millecavalli,Epic,6,4796,16,N/A,,"412,5","82,60","63,86","64,86",,"429,0",,Italian Season,SE,08/04/2021,,,Italy,Europe,85,25,29,38,54,69,300,54796,0
149,S,247,Toroidion,1MW,Epic,6,4806,16,,,"460,6","81,29","60,32","54,19",,"479,0",,Electric Season,SE,23/09/2021,,,Finland,Electric; Europe,85,25,29,38,54,69,300,54806,0
189,S,248,Inferno Automobili,Settimo Cerchio,Epic,6,4817,16,N/A,,"447,1","84,34","61,43","39,21",,"465,0",,Around the World,SE,03/04/2022,,,Mexico,,85,25,29,38,54,69,300,54817,0
263,S,249,Bugatti,Chiron Pur Sport,Epic,6,4821,16,,,"397,8","87,01","73,62","65,32",,"413,7",,Unite Update,SE,16/7/2024,,,France,,85,25,29,38,54,69,300,54821,
66,S,250,Koenigsegg,Jesko,Epic,6,4826,16,Clash Store,,"496,6","80,07","48,19","58,23",,"516,5",,Summer,DS,18/06/2019,,,Sweden,Europe; Hyper; Hybrid,KEY,40,45,60,70,85,300,54826,15000
183,S,251,Bugatti,Centodieci,Epic,6,4843,16,,,"402,7","86,51","62,58","77,09",,"418,8",,Bring the Heat,DS,25/07/2022,,,France,Europe,KEY,40,45,60,70,85,300,54843,0
270,S,253,Bugatti,Mistral,Epic,6,4859,16,,,"459,8","81,56","57,68","50,52",,,,Speed Parade/Haunted Wheels,SE,23/9/2024,,,France,,85,25,29,38,54,69,300,54859,
122,S,254,Aspark,Owl,Epic,6,4863,16,,,"414,7","89,40","51,75","51,27",,"431,3",,Fire and Lightning,SE,03/02/2021,,,Japan,Asia; Electric,85,25,29,38,54,69,300,54863,0
81,S,255,Rimac,Nevera,Epic,6,4897,16,,,"421,6","87,71","51,33","56,51",,"438,5",,Godly Beasts,DS,10/12/2019,,,Croatia,Electric; Europe,KEY,40,45,60,70,85,300,54897,0
190,S,256,Koenigsegg,Agera RS,Epic,6,4940,16,Clash Store,,"484,8","79,67","60,03","58,86",,"504,2",,Around the World,Clash Store,03/04/2022,,,Sweden,,85,25,29,38,54,69,300,54940,15000
99,S,257,SSC,Tuatara,Epic,6,4969,16,,,"490,6","82,51","48,77","62,04",,"510,2",,American Season,SE,30/06/2020,,,USA,,KEY,40,45,60,70,85,300,54969,0
182,S,258,W Motors,Lykan Security,Epic,6,4977,,N/A,,"445,8","86,33","61,08","29,38",,"463,6",,Bring the Heat,,25/07/2022,,,UAE,Europe,n/a,,,,,,0,54977,0
229,S,259,Bugatti,Chiron Super Sport 300+,Epic,6,4983,16,,,"453,6","83,27","60,63","41,70",,"471,7",,Black Friday (2023),SE,25/09/2023,,,France,,KEY,40,45,60,70,85,300,54983,
212,S,260,Koenigsegg,CCXR,Epic,6,4998,16,,,"412,2","79,40","79,09","71,51",,"428,7",,European Season (2023),,30/03/2023,,,Sweden,,KEY,40,45,60,70,85,300,54998,
118,S,261,Bugatti,La Voiture Noire,Epic,6,5041,16,,,"443,4","84,89","54,63","63,79",,"461,1",,Full Throttle,DS,10/12/2020,,,France,Europe,KEY,40,45,60,70,85,300,55041,0
271,S,262,Czinger,21C,Epic,6,5059,16,,,"423,4","89,07","49,38","51,51",,,,Speed Parade/Haunted Wheels,SE,23/9/2024,,,USA,,85,25,29,38,54,69,300,55059,
230,S,263,Deus,Vayanne,Epic,6,5082,16,,,"438,7","86,55","47,61","47,08",,"456,2",,New Tech,SE,25/09/2023,,,Austria,,KEY,40,45,60,70,85,300,55082,
156,S,264,Koenigsegg,Gemera,Epic,6,5085,16,,,"413,1","88,58","66,06","48,36",,"429,6",,Festive Season,DS,16/12/2021,,,Sweden,Europe,KEY,40,45,60,70,85,300,55085,0
249,S,265,Zenvo,Aurora Tur,Epic,6,5100,16,,,"467,5","81,73","56,53","42,65",,"486,2",,Eurobloom,SE,17/04/2024,,,Denmark,,85,25,29,38,54,69,300,55100,
143,S,266,Hennessey,Venom F5,Epic,6,5114,16,Multiplayer,,"512,3","80,66","49,07","46,53",,"532,8",,Heatwave Season,SE,01/08/2021,,,USA,,85,25,29,38,54,69,300,55114,0
224,S,267,Koenigsegg,CC850,Epic,6,5145,16,,,"478,3","82,37","54,39","39,44",,"497,4",,Racing Through Fire,DS,24/07/2023,,,Sweden,,KEY,40,45,60,70,85,300,55145,
264,S,268,Bugatti,Chiron Security,Epic,6,5175,,N/A,,,,,,,,,Unite Update,n/a,16/7/2024,,,France,,n/a,,,,,,,55175,
199,S,269,Bugatti,Bolide,Epic,6,5190,16,,,"497,1","84,69","51,07","21,71",,"517,0",,Winterfest,DS,12/12/2022,,,France,,KEY,40,45,60,70,85,300,55190,
265,S,270,Koenigsegg,Jesko Absolut,Epic,6,5223,16,,,"541,0","83,36","61,28","33,34",,"562,6",,Unite Update,DS,16/7/2024,,,Sweden,,KEY,40,45,60,70,85,300,55223,
236,S,271,Devel,Sixteen,Epic,6,5255,16,,,"556,5","86,80","57,32","38,74",,"578,8",,Festive Sparks,DS,11/12/2023,,,UAE,,KEY,40,45,60,70,85,300,55255,